"Titre","Source","Utilité","Date (French)","Année","Lien"
"Appel à candidatures du programme ""Transforme"" de la fondation d'entreprise Hermès","culture.gouv.fr","Autre","20 août 2024","2024","https://news.google.com/rss/articles/CBMihgJBVV95cUxOWDk1RmwtdDJKSEFLSVozVmJLd3Ixa0htMU0yM21tdnJzZkU3X25PdkxIdGwyZlVZWXRYeXB3c0tUV0xqSnlscGRpS1EtdXZERGt0T1pTUmFHVjN3QUZ0MjdyemF5ZUNlRkJ2bERoMFZGSWF5T3doME9iNGliZVB0d0NwN1hIMU1pWElHM2NSX1A5UVlua1EtZ1Z4YS1XbUFVOHV5VEV4aWo1MGlpVWZTMGhoRUtMTF92eXVXMWRyY09sQmg0d1ZzWGNPS2JsTDl1MENKTTJwbWtxS185Zk1fZ2dHbG9qX2lzaUpSbUtUcFotTzJjdFlqM0hzSExUT0h1YnZKV3VR?oc=5&hl=en-US&gl=US&ceid=US:en"
"3 questions à Olivier Fournier, président de la Fondation d’entreprise Hermès","carenews.com","Inutile","10 juin 2022","2022","https://news.google.com/rss/articles/CBMiuwFBVV95cUxONHNTam9BQlU2R2tCaVRkeDcwZXNnYWhIMFJGWndBRFV4VEtJU201ME5EMjlzTnFpZXNCdlAwZEg5RmFPVm1CNjYtWW41QUJpbXFVNDZJODlZWjg2N0Y2dnNZV0RFSERhOHpwVWMxMzU5ZnpjSVVzMEI4VFFkYTJsNzV1b3dQdWI0bUdfTDVoNUZkbkpBSkNjVm9iRzZVY09nb09EamJQZWMxdWhENFN6NURYUFpnanl5UGFF?oc=5&hl=en-US&gl=US&ceid=US:en"
"Olivier Fournier, nouveau président de la Fondation d’entreprise Hermès","lequotidiendelart.com","Autre","9 février 2016","2016","https://news.google.com/rss/articles/CBMizgFBVV95cUxPcjZFVC1DOV92WnViWDBkLVpJMERNQUpZNUQwMVpZbGgzSzV1U1hCLWs5X01VQ0h5em5zbk9XSmlEMlRWU2dsc1gwNndFWEgxVjdyOUg2VXhOVXJ0UGp6b1lqMXVJV1l4aU03VnZCSTN0a0k4X1NGTW5ybWY4dHctUDdISUowUjc3WmJkU0pNa282ZHhFaGFnSV96b1pXNzAtcmtKNFktdmI5LUc5Tm9ZbjVHckpIWlpfWHpkTHczTGNBbGROZjFsOFFrR2MtZw?oc=5&hl=en-US&gl=US&ceid=US:en"
"La Fondation d'entreprise Hermès lance Manufact'Home","metropoletpm.fr","Autre","30 avril 2020","2020","https://news.google.com/rss/articles/CBMijAFBVV95cUxNWG9jOGhFblJya2sxMktDZUdKQ2JvWXl2YTUtaXBjaTAxS0Y5OTZkMzdnQTlBdTFVWmRwUDJwazl1bnJBZVRMNjloVzl3RHJvVjVaU3MzQ3dRV3RJdndoRUE4N01wdkhkVk9BQ1ZKcEtFVnQtWHhuUERwZ25wd3JQYXR6VTRaTEx3Z2JyTg?oc=5&hl=en-US&gl=US&ceid=US:en"
"Fondation d’Entreprise Hermès, Le Geste En Héritage.","forbes.fr","Utile","4 février 2017","2017","https://news.google.com/rss/articles/CBMigwFBVV95cUxPUlpEM3NsSUQyaVJKVlczaWw1U0dJWjR4bHlFalZWeC02emdqa3c3Z2JucGRZZkNjTlV2WWw3dHViMnUyNnUzSkY0UHlzODhXM3dNSTdiUTdVR01VMFlsSGwyNGVZMVBZckctX3FJRGxabnRvckxPcFpEUnNEYU43V3FhQQ?oc=5&hl=en-US&gl=US&ceid=US:en"
"Fondation d'entreprise Hermès : 5 œuvres célèbrant des savoir-faire d'exception","numero.com","Autre","7 février 2022","2022","https://news.google.com/rss/articles/CBMiuAFBVV95cUxPbjRTQ2stTG1XRVBrRjdONW1vQXFWT3NzaTlqNXQ1NjRqTHZFU0JtUll2V0FaQkViMU5KbnRHeDItZjJNUHdsY2ItRU1UemUwZGxhR2xKUTVpMlJ1MVc3R1A2NFlhTWhSY1V6aDZ6TktLLVBPVXZ4dk4xZFl2enZadWVPaWRIYkdzeTdUM3NvSHoxLVdzQlhHSUlNaEcya1ZGb19rVFZCMmZpbWpWSmZFeFBVcVZ2WlVM?oc=5&hl=en-US&gl=US&ceid=US:en"
"La Fondation d’entreprise Hermès nomme Laurent Pejoux à sa direction","fr.fashionnetwork.com","Inutile","6 mai 2021","2021","https://news.google.com/rss/articles/CBMitwFBVV95cUxNSlAtazBuM1huNmQtSnlNSDlPTmZld3QxX0VieC1IRmxuU0xQQTJRREZjRWFYS2lKeGU2dE55ZlB3SG10RTN0T0NQSU1MY1lzdmxORE9vWHJVZXdfcE1lT3hWYTB2TEZGRlJRZmt5RXc1em1VcVRnUzhFcDd3SjB4QWJTaVVIQ2pfRUw2anJNRHlUTHp4MVVHTFFvVFJYdzBCOUdkYllkMDJ2QV9SOVhROFJkWWRsOGc?oc=5&hl=en-US&gl=US&ceid=US:en"
"À Bruxelles, la Fondation d’entreprise Hermès expose une fresque spectaculaire de Lucy McKenzie","admagazine.fr","Autre","11 février 2022","2022","https://news.google.com/rss/articles/CBMiywFBVV95cUxPWnFEWHBhWG1Ba2NPbjk5cWVrcGJzYW5jelpiWmFKc0xLQ05mQUFwbnhFdlVzRVpLQVJHSWZObkoycVpudDVKcFdjZEhiOGE5cDVfVmdFNGtwemxhTVhxN25JU0l3MFRlX2ZHdWM3SzdCME40U2dXZ25aNmplSFV6REMyWlBBVnB6blY1ZlZUQlMybU90RVMxUmRDN3JvVUJyUjhLVGFYbTJVeDBobzRBTk9Wb2dseTNvd0xtbkV2bmprbzNTNjZwWmY1VQ?oc=5&hl=en-US&gl=US&ceid=US:en"
"Les candidatures pour l’Académie des savoir-faire de la Fondation d'entreprise Hermès sont attendues !","lemondedesartisans.fr","Inutile","6 juin 2022","2022","https://news.google.com/rss/articles/CBMizgFBVV95cUxPalItVzZXYzNJdTZ2TmM3Vi1zV2M1cTI1VERjbWVLTTd2ZEl2dkFEYjlVeHM1bTkzNURTLUZ0SHRvRWhNYml4azNzRTZGRVRrZ1d4SmItcUtTUkRJbE5OVEJDLVRNOXVFZW5yWGI2OGhDdEpJUGNyb2FpYU5lY0pubnk3Uk4zZWlZS1RqRzBYSzZaVXlCSkFsUXhNVGRyUFEteXRIQ0ZWQWs1M2lYYURqMmZLRE9Ld2dLMi1PczE5czZYQlROd1diYmt5ZGJkZw?oc=5&hl=en-US&gl=US&ceid=US:en"
"Laurent Pejoux nommé directeur de la Fondation d'entreprise Hermès","artnewspaper.fr","Autre","3 mai 2021","2021","https://news.google.com/rss/articles/CBMipwFBVV95cUxPTWxIeDVBV3llVG9QR1ZKbno2bDBOWDZ6cmllOGFNMlhTZFNkZEcwZy1mLWdKa3lZWHdNRGRtQkxRdFZrRzVPQjJUNlVIREtwb2JqcWcwaW45SDQ0ZjVrek1DbldUTjFlQWdEdHVwTWtsVVpNcnpjMlo4WmlkRkhEX0luXzB1ajR1aUUtbjVFZ3R6Y01DYXdlVkZnN3AzYnAwdDQzR2FIQQ?oc=5&hl=en-US&gl=US&ceid=US:en"
"Hermès lance son appel à candidature pour l’Académie des savoir-faire 2025","ideat.fr","Inutile","30 mars 2024","2024","https://news.google.com/rss/articles/CBMikgFBVV95cUxQYW9iWGN5bktBcUlFcUxwMGJfZXdrV2NGRXZRMHVaak54OENuV3dBVFprWUxGVV9FY05QS3ZkWElEQlhXTHFaUWZfT1JiM3N3bUJfbUhKZVB5WFdSeERyazU3cGNpUEQyRnNrQ20zN3JxcFNGV3M5Q2pPM0FMT051RFBqSE13TzJVZW1qLVJGN0FJdw?oc=5&hl=en-US&gl=US&ceid=US:en"
"La Fondation Hermès lance un appel à candidatures.","journalduluxe.fr","Inutile","6 avril 2021","2021","https://news.google.com/rss/articles/CBMijwFBVV95cUxPTmdldUNIM1Q5ZFBPQXpLM3BsRWhXWlV5ZEs5Wm80MGh1VFoxS1JnbWhRcjk1N0hiemd6OFRjOHlSZWFITlcwb3E1Zk42b3hhM2pXVmxSLTR4SHFLTlQwckNKVFZIb2hZWFBJdE1GNmRnVGNnM3ZRNXBMM3NZcUhXS01ESFp6eVUzQ19SemdSb9IBlgFBVV95cUxNUUhVbm9XbjFuclRSTGo4cTNteFd1NmlUa1ZTcjRPNHNaeE16Ul9PU1ktcVRPS1VOSzc4ejhBUDdqcGFkem83NTM3ellGT2VSYnVJNFEyNFlXOEJPZXJYNDNULXRsRGlqRUotcVZ5SEpjMGpUUFJmYkxIcGhVNXA5ZHRzWFFMdUFfeG42QVkyUi1FZUJJU1E?oc=5&hl=en-US&gl=US&ceid=US:en"
"La Fondation d'entreprise Hermès à la croisée des arts plastiques et du spectacle avec la 6ème édition de New Settings","toutelaculture.com","Autre","16 juin 2016","2016","https://news.google.com/rss/articles/CBMigAJBVV95cUxQNnpnX0hpWE1SeHk0NVBFbWo2YTJqRldxWGtnNDE4YWpGUU56Rks2WkluQ2d4NGlGb3dVRGlaREtlcjBvQ0tIOFBPekN4S0JSbWgzc2V6dFNOU0o4ck4xMEpOV0pzQ05HYnRRWkM2NmhmWFNPdHRES0dzaTdjZ21rSkRHYXhYc2g4SkE1REhLV20wbnpBV1pFM2pHcG5GYjJqSjJGQ3FsS3dOcjR5RkRXektWMm8tRkhnajF5WWRJcFV2VlpmbWRoTmttOUxoc3BZVUdGc0sxTVVNaUJFLURlRGxicG9aZTdhbG9lOG50NUNSQkNmS1hvUEpqNkN6bkpV?oc=5&hl=en-US&gl=US&ceid=US:en"
"Dordogne. La Fondation Hermès choisit Nontron pour ses programmes éducatifs","actu.fr","Utile","13 juin 2024","2024","https://news.google.com/rss/articles/CBMi0wFBVV95cUxOalRpQU1iOFd3bVQ2NThKWGxRaGo0NGhWOUlfa0xKOTJaS2tCNkhEVmlpeVp0VVk4NWlHUWZDbHllLXdCMXpaNmJvZjNXSGhKVVdkRnBrRlFja1prbEJha1hBV1VwVjNkTzc0WmlwWUNGVXlvX196SXNfQm1CWWczb3ZxWUZKSk9wWVRJR0FjMjJ3dHUwUzB5d1hIS2F6NjA0bHhxdXpTSDcwR3cyY2J1d3pYelY3cXlBZ3V5am9tWmFqaVp3blJNS1dlYmZjaHZIMHVz?oc=5&hl=en-US&gl=US&ceid=US:en"
"Création de Transforme, festival itinérant","artcena.fr","Inutile","23 novembre 2023","2023","https://news.google.com/rss/articles/CBMiggFBVV95cUxNNDNtY1RPNWUtTDh5d0NPaWM3bDlVNlcxQWpwWXlwYVFVbXRJektfV192SW5aSGhkSkU5a0ttZ0hwbXNDbHJPc1lta2o2Z1J6ZjA3T0VVbTNBRjRaVkMzTDBKdlA5dTlBMnFnZ19ZcVBTMEdicnJSNVV2ZXEybzBOWlp3?oc=5&hl=en-US&gl=US&ceid=US:en"
"Eté 2024 : ouverture de l'appel à candidatures ""Artistes dans la Cité"" de la fondation d'entreprise Hermès","culture.gouv.fr","Autre","20 août 2024","2024","https://news.google.com/rss/articles/CBMiowJBVV95cUxQcV9LXzg4NEhGekE3eURJVGRZOVBNVHYxU19tNkJwUXZtX2VQUkk1NzYtc0hpcS1uSndjVE9xSjEtazVrMnNpbHNsSXBSTEhzNkJ4NVZmaDk5Z1luS1FXYUtPV1FONzlvcDZ5Q2pNVmVxZ016WXQwQXJIVVRMUjZLcTJYRkswd2tLYkV0czhXZFhsNXMyczA5RFE5U1lreGR3azRpem9HMndfS2xEdVVXd1A0c1FRS2ZqcUNYR19nY2xxUkJxU0VBTWRrbTJULWFybHY0NF8zZmZQLW5ZckpZTmRvWGsxUTBadk1wZmh4X0lQRF9rN1NaVFNsVkluQThnZ0w3Y2o5NF9PV2VCMEtWQTA2UUJabjFJdHQ1RXFta2JZajA?oc=5&hl=en-US&gl=US&ceid=US:en"
"La Fondation d’entreprise Hermès a une nouvelle directrice","fr.fashionnetwork.com","Inutile","3 juillet 2019","2019","https://news.google.com/rss/articles/CBMiqgFBVV95cUxQTXR3Z1BIdFJpUi1iTWNMVUxVVnFDb1I5U2g3bnFhc3JlUFF2R1Jmb0ctcDNveWV1azcxNHEzekt1Vms2UzlJeTRiV3Fxc1VsY2NaRTZrWlItVko2UzJaUEFDWk1pMWJaLTVVSk5nN0dqaDF5QTZOb0pjMUF0aENfQlRQc0pNMHVZMlJVTHl0V3F6VDBLYnJhRndKajFkT3luRjVkWUxGakNfdw?oc=5&hl=en-US&gl=US&ceid=US:en"
"Laurent Pejoux directeur de la Fondation Hermès","lequotidiendelart.com","Autre","3 mai 2021","2021","https://news.google.com/rss/articles/CBMiqgFBVV95cUxNNWVnY2NxdE4zeFhWdXJUTk1PU3lKN0pCLUZUNGlzRmE3TTRHLXRxdXpDOExUblY1MldIUVVuTmdJMG1mOE43dUlWb2dJUlVBeUNoNlFfazhvYUJ6RXZWVlhYd0NodUpoVzI5ZmJNN1lLYldJVFNhczI4YjlSTGExXzRMOGVnamVKUzhLOEw0dDl0Y3FINWpCQmVEeHJUNXczY3FKUjJ6T0JaZw?oc=5&hl=en-US&gl=US&ceid=US:en"
"La fondation d’entreprise Hermès joue avec le design","toutelaculture.com","Autre","6 juin 2016","2016","https://news.google.com/rss/articles/CBMioAFBVV95cUxNWHJJNmltdVk1TnIyRmdHVmhwZXRDNTV4R1p2WG94RG1JVEp5bXhJVkVlREhEb0dsZmg0VTB1cTZsNjdMYXYwR2MxTGs1dmxTVWdRajEzdmk4dVJVR1FWekhXZGstd0xNS0tpV0VVQXgyQXJXNXB5WUhhaDBKWEVRQ3VTbHRmVmdqQXRmMW40bGRNNGYxT2pxa1lRSHgybUx5?oc=5&hl=en-US&gl=US&ceid=US:en"
"La fondation Hermès lance son 5e appel à candidatures pour les bourses d'études liées à la formation artistique","culture.gouv.fr","Autre","2 août 2023","2023","https://news.google.com/rss/articles/CBMiiAJBVV95cUxPOHJWRkhEaHNDT3ZBYnMtcENlMXYyTHBwRkVIRllDUHcwYnJ5eTh6RzRTOWY3TTdZMGVfZFM2eWQwY2tZRmcwQ2JvSEJMZmZfaTRyQ0ZZNDRCVG14TU80cWNBWU1HcDdqLVNLRTlOWFc4cTZEcDhXZ1B5TmhIUnN4WC15Q2NGZUwzLURoTEFqcHA4c1lLRUlXbEp4UTF3MmF0czBucHhISDk3S1RUNDNkQmF1N0U0TXNZaGt1T3VxdmtIOWVsVEliUWpJN2NrdTdZTlVzZENLbjhFWG43bEFnSEx1c3JQcHNLNkJpTHpRcHNXYzAwNWFxTlp2VGotREpLU1NoTEtxcEU?oc=5&hl=en-US&gl=US&ceid=US:en"
"La Fondation Hermès expose trois années de résidences","thesteidz.com","Autre","9 décembre 2017","2017","https://news.google.com/rss/articles/CBMiogFBVV95cUxORjVjampPaFZMaVl3bjVvbnc5ZXZNTEpvUUtQeUZsRnM4QnFTYzlqQVU3TGZDSG9WRy1neTdxeEZiMFZUMG1Ta2EyVk9KQ2luQXZ0NWEwRkN3eUhCQUk2ajRaV1pYMHpxZ1U5RWlFbFV5U1dzSHlsTXkwT0RTZVgwSnNqRDJCVllONGdNOXNnTTlsU05PeUVRLXotTHExMGcwZFE?oc=5&hl=en-US&gl=US&ceid=US:en"
"Fondation Hermès : 10 ans d’alchimie entre art et métiers d'art","lequotidiendelart.com","Autre","30 janvier 2022","2022","https://news.google.com/rss/articles/CBMiwwFBVV95cUxOVzJWN00wMXdCREM5VFFUSDlJaGZ6bE1Ydk1tVkFQRGpaMzk0S21pdlZ0NE1jUF9zRzBoeDVIbjlXVmYxVGtvQTFKUmpfcmJQU212X1FGcWRLZlVPcmxWcDk5clNSTE1EUE0td3YtaUNSQTdJLUZTSXAtSmpXc0tZZTRpSmRIZWxDMjRKR29JRVNqR3U2WC1OTDlNZGZCRnhpWHgyX1Y0djg3QWx2ZER0Wm41WWloY1U4Mnh0bnNrbVdMT0U?oc=5&hl=en-US&gl=US&ceid=US:en"
"La Fondation Hermès et les artistes fêtent dix ans de « win-win »","ideat.fr","Inutile","11 février 2022","2022","https://news.google.com/rss/articles/CBMihgFBVV95cUxPN1VnMHYtVXhLUUJKUVBLZU5KaUNnV203dFBOTU85WUZHU0hvSDRYcWQ1VWMtN19mVTVtaTFDV19LVE5fU3NsbDFBcXQ2WkhBTWVKTWpTTzFiMF9aY1dRSlYwd1k2LXIxOGk0bUhZMV9qOHNwNE53SG9JZUh2ZExoMXpLczgwZw?oc=5&hl=en-US&gl=US&ceid=US:en"
"La Fondation Hermès lance un appel à candidatures pour Manufacto 2022/2023.","journalduluxe.fr","Inutile","1 avril 2022","2022","https://news.google.com/rss/articles/CBMikAFBVV95cUxNRG5lQk9WVlJYWDVyX0dzTXBxSU9WTmZBSS1qOV9DYkxmZVRRYkZkS2lJa0VHUXpRWEFDVTJCR2pkdzNBNzR6NFB2OWdPb3ZrencybHpualRFZFVWeFVsSmZxdGxKek9zWFg5MnMyV0x2dWxLNmtIdl8yb3E2NEdzSUdUYzNGemY4MTVna1czV2PSAZcBQVVfeXFMTk1aTmNZb1RZSk01RldhRjZWWm81djhwLXB2dVJvWC0taTlvYUduUVhjX3cteUc3UU4wNWM1N292UFRaeHFaSTdibjk0LUE4MkhLSVp3VmpSOTJ4b0c4dzVrTkJGRFN2Z2NtTl9RNEwzcWRhcGd6azZta2ZyX2Y0X2VKcDViRXIzVWp4N09WVTJlVW9VbzZVbw?oc=5&hl=en-US&gl=US&ceid=US:en"
"La Fondation Hermès célèbre 10 années de résidences d'artistes.","journalduluxe.fr","Inutile","5 janvier 2022","2022","https://news.google.com/rss/articles/CBMiiAFBVV95cUxNalhhNEdXdEozSXNEWGdjVDdFRGhoOTlSRFZDMm1VV0ZZQVdSMHY5ZGZiWEU3V25Nd1dYbDNsSlZZWkxCS1RFbHhkSlJUMGMwb2xWd0FtNlhvZW5ZV2hvTHl1NkhiQm04TWJRS2VmaHpNakJmUFRESXZBX0ZmMDJUeWd3al9WY2tz0gGPAUFVX3lxTE5OeUdWUElnQkJrWTBONk11TE96cl9QeHllN0sySGVSMGdEcUg2MWNidlpKcXpId2VGdnpTNXZsNzR6QS1TNzM4cFN1ZEtGZk02c3VYVElBUkhjeEtvY1J5d3NOakNmeGh6OXBGSWZOMjdySUlXX3ZxQnJXSUlpMm9zQS1ZS0pMZ2dYOVVjWjY4?oc=5&hl=en-US&gl=US&ceid=US:en"
"Manufacto, la fabrique des savoir-faire dans les écoles","artistikrezo.com","Inutile","29 janvier 2021","2021","https://news.google.com/rss/articles/CBMilwFBVV95cUxOLTVOeDdHVnRSbUpJWFRpRVB6Y3dFaG9uVnpRakk4bE1wWDh0Y19sYWc1UzJkTGc1a3ByODVna0g3c2Q1V2hsVllzX3RjNGJ6aVhqWUc1VzQ5WjF6QVJ4aTBTRkpSbEpfT0x4S0tXcWJzbXNyZktyOVJHTlhjX3NOSlZKeW85ekZQU050cExsZWpueUdkbXo4?oc=5&hl=en-US&gl=US&ceid=US:en"
"Festival Transforme – Paris 2024 de la Fondation d’entreprise Hermès fait escale dans la capitale","journal-laterrasse.fr","Autre","26 août 2024","2024","https://news.google.com/rss/articles/CBMiyAFBVV95cUxNTXl2dGxFcEFvZ0JzSmdzMXZQN0VtWmcyYWdSMUxkUUlVb2dLb041MHlXUVBYSE1HU0NUU3dEcmtIMWNfQmpsVWh0Z3p6cEFBMUNVLWM3S0FBN1htdmgxbGFWYzM0N05DUFo4SmhmeVVuWFBFdjlXdDc0cUtrQ3RzNGxpdDhnRHJSVXJKUGdBVVQ4TnUxVDlnRlppODVIdWt6UzlzczN5YVFjMS1oWjQ1aTNjemV0UDZjc1JWem92V1I3ZzdJbzE5NtIBzgFBVV95cUxOZFNpSWFtUHQ3T1Z0R2NSMW1MMkJrdlB3Nm5oSFA1ajlfTXRHOVNRVURWeXFneHA1M1daczAtRkQ0MG42YmVIQXZRVFFzYlNTOXFQcVBVZk55M1dPbDdlVFhtcEFhdzg2MzRxdDNRNHFqbURac05rMWdtVlNyTC10X0xiX0NaMmNKd3BwSmZQa0NyeUhzQUdZNjl5OUFGV2EyQjZpSU5weDFQUktpYV9Pbm9RbEduSlkwNWlpUGFYNjJkNFdxaHJGUk5NXzI0dw?oc=5&hl=en-US&gl=US&ceid=US:en"
"« Transforme », un nouveau festival initié par la Fondation Hermès et la Comédie de Clermont","7joursaclermont.fr","Autre","9 janvier 2024","2024","https://news.google.com/rss/articles/CBMiVEFVX3lxTFBuNmk3QkFwQ2hpY1ZHcU9CdHJWLW1iNmE1UDBLZEVtVTNkdXBHNHZmZkJJM3cyZ0xKSmZsQ3NKTkd6ejNTVHpQTnI3Qi16dUFvZzF4Mw?oc=5&hl=en-US&gl=US&ceid=US:en"
"Quand la marque de luxe Hermès initie les élèves d'un lycée de Revel aux métiers d'art","actu.fr","Utile","21 janvier 2024","2024","https://news.google.com/rss/articles/CBMi1AFBVV95cUxOaEFwSW1iVmZjOFVSbnBaLUJsNjUzVWZfekFWZ1g2cXdVR3E1dXJrU1RJTkhESEdGZXJUVk9kNzNJVm50QnNDMXBLQkZlSTlSZ0pBM09BbWllWEpjb1ZrVWhhQmdCYndWOUduNlA0bEZPRXpSSkZQXzJHeFZEOXhrTGd4NG0zN0JsN0x3aUpZa0p0czFFQXFXOTJrRk9aUWpSbUdRZF84ZEd0bDkza2pKeE5PUHZCTnEzb1V0bmstYUVyc19mV1ZKbm8tLWZmRHJ2Yy1pMg?oc=5&hl=en-US&gl=US&ceid=US:en"
"10 fondations engagées pour la biodiversité","carenews.com","Inutile","18 mars 2022","2022","https://news.google.com/rss/articles/CBMikAFBVV95cUxOSHBZd254WFRDdUg5UVlkX28xYTJTdVpwVlA4TVEwaEM2cW0xcUNlbGd2RjdWalc5VEVvMGhsUDlSOGJkQVpNemR5dFVPN1lfOXBXZGpjdkRzQWlJbzExX1hFQU13V1JNZzAwdlZod2NpUEwySFNOdzJ3aXE3R0tfMl9OZUhvZ3huTTNDdXk0aFg?oc=5&hl=en-US&gl=US&ceid=US:en"
"La Fondation Hermès lance un appel à candidatures.","journalduluxe.fr","Inutile","20 juillet 2021","2021","https://news.google.com/rss/articles/CBMilAFBVV95cUxNeGZHeGx2YXloNWRmd0RDUmNiQ2hoT3NvYWE2blJYd2lCR2RHS0xaeDRIUTZnYS1rMDNuMUlkWUlubGY5MF9Id2lzbTJ6empfR2NJZ2xTUm5CbGtiZnRna1BZU2lOd2xnWFBNU0JsMWNvLWhsOU1SeXdsX1dfX1hYZzBrRmkzVERhdkpGaUQ3cVQybXIw0gGbAUFVX3lxTFBLbnBLWmpKT193eklIb1ZQVkFWeXhzSFNqX2lXZHRwd1BpUkhteEVHYkJmN3FLQ0hyUHZjYVJlVW9rd09kcEkzZ2NJZ3dINnR3WFcxbU14anc4WGdEXzBmLWRsVkltX1FUektXUnBZTm1MRy1aQ0pHS2FENC1ZaUZ2Q0hVbWl6TlBTOVdZSUp2QnNNNlZXU1pDU0JZ?oc=5&hl=en-US&gl=US&ceid=US:en"
"Poursuite du partenariat entre Hermès, Pantin et Est Ensemble","est-ensemble.fr","Autre","9 mai 2017","2017","https://news.google.com/rss/articles/CBMikgFBVV95cUxNRzViUm5ma0FoRmRUdE05VzVhZUtYeG9GUmhWeWRQaERCRjdMRnBvNTMwOGFxaFlxaUxzUC00dzN5a2p4NnMzd1cxTWdUSmVBYnFjSkxvN19LZXFXRk92LWF0ZlhFTVpXYzVYR2h4MHMyZ1hvU0JfdTlUTjJ4bnJwUDlxZWZpbzdHbGJHX2xFeWEyZw?oc=5&hl=en-US&gl=US&ceid=US:en"
"Vidéo. « Certains vont se révéler » : quand des ados découvrent « les métiers de la main »","sudouest.fr","Utile","14 février 2024","2024","https://news.google.com/rss/articles/CBMiywFBVV95cUxOYnV0NlAzRWVUQ3NfSWpQNGJWb21TMjVuVVRocU5ZeTRfQkZsMTl3YjJiYlBvWXpVaWxCRjhiNWdxMVJQRHhFbFZLd243TzRQM2M1cE9IN2czeGdoTjB3amZvNFFXdmtLelZqanVibjJ4YUk0SG1sNGJLNldEekpsT2NycWZHbkdZUGlEdy1rY2luTGo0VXg5M1VqZy1HQmlkRml0TlltblVDdGEzTThnWDFydWlFTWdub1Rna3ZnRUdyZFlaa3lEM0luQQ?oc=5&hl=en-US&gl=US&ceid=US:en"
"Avec Manufacto, les enfants s’improvisent artisans","ideat.fr","Inutile","20 novembre 2017","2017","https://news.google.com/rss/articles/CBMiaEFVX3lxTE1veHhxTHp2U21CMF9IZ1hwUVRoLXp0cm9OVFdrSmlyamNQRWxmajE2R05FQTFGeWNUblBiQ205UjlicDhmQkF2M0xsN25SZnNvMVdzOUZoN29WOV9uRjEta0I4aWVrYVRj?oc=5&hl=en-US&gl=US&ceid=US:en"
"« A cheval sur mon carré », l’engagement d’Hermès pour le bien-être des chevaux","journalduluxe.fr","Inutile","8 novembre 2014","2014","https://news.google.com/rss/articles/CBMisAFBVV95cUxQSHhScmxHYnhpaURJaWFmb3h2R3ZXSENZVHE2NjdTdmVKX195dC1UMVNNWGhwVldkM1Q5Z3Y4MVRkWl9mcF9RMWhGVEwwdXpHS1BDUzd5Z0VTT2FRU0xTcVZIcERaUEpQZjJ2WS12dmVMR3g0NUNaZFhDalBCcW8xQXp2Vkdwc0o4Y1VjeUp5UFB1MFl6aVl4aVZhS25nSkY4ZjFZcHAtQ09UTlprclJKZNIBtwFBVV95cUxOZllCeF9PMmxOcWFwc1hvMkRhOC1nZ1dudi1jbmlSRGZHZ1pvb2pwVzUzWEItUkpEUGRla2ZKSEhpSER2enh2aFZ4NkJYNXN0c2JETkZhNXFyNTdNalo2UWZKcWptS3lWT3BhZVBOSzVsSF9tVU1rc0tuTF9VaWRfWVBCN3lrWDNmUXQyWFdtSTRZallQRFltWGctcHl0bm1Idk5nbURuNERsQmlsVEIzNzJTVlZxREU?oc=5&hl=en-US&gl=US&ceid=US:en"
"Quand Noé Duchaufour-Lawrance enseigne l’art du verre","admagazine.fr","Autre","18 mai 2020","2020","https://news.google.com/rss/articles/CBMiswFBVV95cUxNaDdyZC1NdGloNkVweG5HbTdWNEZFNndWams2TWZKMV9LNW5taThYUjNWWl9GWkNhVGhkN3lFQURPSFJfQ2NOak1aTXhTbG5TcU10OE1SdzRQUzZ6dHQxRk56R1hzTnc3Vjczd2VIUDJPUVNfem9LRXh1aWVfQWotbmtBWUF3bXZZUnRCMWpVZGQ1X3Z4WEtQTVRPQVY1RFYtcGdnb3cwRWFfZTljNGV4R1hTbw?oc=5&hl=en-US&gl=US&ceid=US:en"
"En Dordogne, des lycéens s'initient aux métiers d'art... avec des matériaux de chez Hermès","francebleu.fr","Utile","27 janvier 2021","2021","https://news.google.com/rss/articles/CBMizwFBVV95cUxNcTdOZ01jak5ZdHZkcU9RNmhPWGd0SjlDN1RsMFdvZTlod2V0MlI1aGZjLVNkTThpMDFTa0tWNkpBdTl4bGw3QWNlSmxPQWVpN1A0MmtyRHNWNEJCeVMxQXA3YUZtNXZOYTBIczdPZXRJY0F4OGhhR3lHM2h0NWxsMXdDV1l5eG9pUGZoT1QxMDA1Y2hVVWlOZlBjSk96MnkwOXVLSnNtZXBTT1MzSGU5eEhSVk0tcjdjb25ZQnhUN1pWc1NSZUE5SktHUUZkVGs?oc=5&hl=en-US&gl=US&ceid=US:en"
"""Les Mains sans sommeil"" : Hermès expose ses artistes au Palais de Tokyo","vogue.fr","Utile","1 novembre 2017","2017","https://news.google.com/rss/articles/CBMiuAFBVV95cUxOY1BQVWlNb0RyYVVTazNjVHhJcTRibnp0c0FEUU1ZZDVRaTNxLXV4VWFvbmJaM2pWMFI4cUEyMWVrNGVBWU1xVU4tWmFZUDZsdFo2aERtejRuaC1qS3Z6NlFoWlk4aDc0OTNfQWowSlp6WUpKckNDdWFxcHR5ejRudGp2WWlYZTlWNjd5a1JBZi1ScnRnazBYWDJzV1drcFhPQmozbW5xU001LVdIS0FVYkx1MDhrUEtJ?oc=5&hl=en-US&gl=US&ceid=US:en"
"Luxe à la française selon Hermès : entre héritage d’excellence et défis contemporains","portail-ie.fr","Autre","6 février 2024","2024","https://news.google.com/rss/articles/CBMi-gFBVV95cUxQbHdzcHpmZTJJX0U2UENRcUVTcm1DUnVqMExmcjlNelo2VzRkclZHM0hFTndVZEpEOXNvTUhFWkVQQ215dnBzVUZUMlF4Q3Ryd2VLd3hHdG02Nmp5ZTZlajY0TkEwZDF0ZndiNk11aVQxajlNSzNMZDJBdXk4dlhxczhwWGxJR3MwM01PWVJ3aWptQlQ2OEp5Zk9YUlJaY0Z5ajE4Zkd0VXRfaDdVZ2tXSzVVeGhoSmhVTGd4UU5VZng1Nm11Ykg0ZjRwT3Y3NnJKUXdBZ09TNXVZZWtyZnA4Z1ZSVjcxWld3S01PWjM4dXRxcjhsdGpGREZ3?oc=5&hl=en-US&gl=US&ceid=US:en"
"Hermès emmène son festival Transforme à Clermont-Ferrand, Lyon, Paris et Rennes.","journalduluxe.fr","Inutile","14 novembre 2023","2023","https://news.google.com/rss/articles/CBMiswFBVV95cUxPVzZrQi1oc0d5cUpJM2k3N0tOaFlNTi14YjVIcG1HblRVREZOTDd5WEFIc0xaQ1YxRU5UZnAtSC05azBFNTkwdjI0TTF4SlJZa195Y3pOdERldFE2MWw2bFNCYVE4c3JfYU04UlFrQzVzTGtwYUFMQi1UMVZCRC0tTHhSYzNvZktieUlYNVVQOE1pRENzQWpranJ3aElmVVBXUEs2bWNmWVNtc1hpUGh5XzdiMNIBugFBVV95cUxOV0dEUEFfSFBObkdnMWx1NzZEQVFWY1MtNS1nRURCdmNGemhjazFuNFZUei1iamF0YU1NOXp4eGFvRzhPRzhKSWE4ekpSdVhEM0Qyb2VwZTZHS1NrUjJDM1RycHJfZExMWXRkU0dKOTgxLTlJTW5iZHJjb0dqb2pwYW1hNUtxLUhZQUlVMUlWWGdDYTJOLVV2YS10Q0xZTGpTYV96dHJHaTdFeVZPcGxvdEVqMDEwRHRackE?oc=5&hl=en-US&gl=US&ceid=US:en"
"Nontron : une année réussie pour les programmes Manufacto et Manuterra d’Hermès","sudouest.fr","Utile","27 juin 2024","2024","https://news.google.com/rss/articles/CBMiywFBVV95cUxQVmx1djNNeXhVSkNhZkphUkIxRDRwWk1WQ1lTUmlodUdYRzJoMERnN2RicnlhSl9JSWpMWGVlLWhGa1p6QUx2MldOb25CckswZ3pvS3lZTlprRUloUGhBVXh6OUsyWk5Sd0hwMWR1eUxCdWFQZUFzUXhndXhELTVWMld2aUVtY1FNandYejJ4M3RubWVFOG5UWDFtbzRMT1NxVVpsNUdBTUJ0RFRNdUxHU24wQXBpSnpSazNGU2pWOU1EbktoeE5wbnpUUQ?oc=5&hl=en-US&gl=US&ceid=US:en"
"Louviers : les collégiens découvrent l'artisanat avec la Fondation Hermès","actu.fr","Utile","5 juin 2023","2023","https://news.google.com/rss/articles/CBMiwwFBVV95cUxObzFFdlROT2JBRy1TM1pWZlJSZmN4V1BuLWdsRTNxZk96M3dpSkRNRFlFci0tV0plMlZjNml0MFlLOXIxY0lnT3huZkxvQXR1V3FSZXJCa05TS21KZjNCSl9pcThqZENHMHB6UldTNUhzSWxMSUdUcDdMcEk2dldJX1E1QXAwR2hyVFZaa092UUsyV0w1c0NEcWRjc2l2bWdrQS01VW1wTnJtMk9MaDdCU2t5VXpNMXBXT1pIREFRQmNMZTQ?oc=5&hl=en-US&gl=US&ceid=US:en"
"Joël Riff est nommé commissaire des expositions de La Verrière à Bruxelles","artnewspaper.fr","Autre","22 septembre 2022","2022","https://news.google.com/rss/articles/CBMiswFBVV95cUxQQWt3Qk50cC0yM2hGTDZWSWRVZ1ZtZzYwNGp5Z25sT3EyOUViRTNoSlBadS1Lc1c2eTJOVElPMEZvdE1oSnBnd181U0RSY1R5UFc0WHhndUp2UkF0dnNReGNXa2N0UnNVTXFQYUFCeFE2YldUVzRhTFJnb3dnU3BOSC0ybEdqdHFYdWVqb2RBSURMbXRkaldZc3hLV2I2WjlPdWU3UDJOdWhQelJvZlkwaEU2bw?oc=5&hl=en-US&gl=US&ceid=US:en"
"À La Verrière, une bise d’Anne Marie Laureys","thesteidz.com","Autre","8 juin 2023","2023","https://news.google.com/rss/articles/CBMikwFBVV95cUxQU0w1U3hXYWZhRkI4RzJmeUdOTHk2MDBSTEJlNFFpTU9rRE9PaW9meWk0eVlHZG9FR3RON1JRcWw1a2lFRTRtVG1MT04xMFZNMUVnM0d0NFpPTHlWX3lqRFJZLXY0VXhGbUZoeHhnaWc3emNfTV93d1o0dGlPbEVwR1h5WC1fVU9BRDBZWm50c3VreGc?oc=5&hl=en-US&gl=US&ceid=US:en"
"Hermès lance un appel à candidatures pour sa bourse d'études ""Artistes dans la Cité"".","journalduluxe.fr","Inutile","26 juillet 2022","2022","https://news.google.com/rss/articles/CBMidkFVX3lxTE9MWWdzUFpyTEo4NHZwdEp5cjZMQmQ2WkxqYlptSzVFNVlXV3pZZTZ6cnpra2RiRGZhZ3M1cEp6RUJJM1g2OFd4cEdQR3NoS214NTBCN0hRT1RUZG5LS255RWhlNWJ3SnJFM0J4Uk5aUURoM3lLNEHSAXxBVV95cUxNemh2bXBmRzQyZmtjenQxNXVKSW4tTVJ5aFduQkRCVFBBWTl5b21uWG1rMVg4T19nUDA5all5WDFicmZWeGJfV1h5SmJZMHlNR3Jsb3ZLbjRKUmRTSzNic2tHek5SNVF2OUowQkV3LXBYWjdQRmZCdlZJMzRF?oc=5&hl=en-US&gl=US&ceid=US:en"
"""Manufacto"" : talents aiguille en milieu scolaire avec la Fondation Hermès","grazia.fr","Inutile","26 mars 2022","2022","https://news.google.com/rss/articles/CBMivwFBVV95cUxNTklxZ1V3T2ZzV1BpRlNWb2VmUVpfdFBhOEZlVkNfWUstYVlxSU5xX2doYnAwUThLR1JhUy1UVGtlci1icVZBYXZ3RlZRM2EyOTdBOTJnRGxEUlFNdXgzSEJUdk5mT3pnQTc4MTdoV2tiTXVsb0VLLU5ZWTVSd3lZX21Eb1NlNFlIQkxkY21fUmgzcU5YOXJvNGVnNVUtdXlxelFETnJxTmp5SlBTU0lCTFUwRGY4ZHljcEtaRU1FTQ?oc=5&hl=en-US&gl=US&ceid=US:en"
"Hermès partage des tutoriels créatifs.","journalduluxe.fr","Inutile","1 mai 2020","2020","https://news.google.com/rss/articles/CBMif0FVX3lxTFBtMzFVa1hGNHJhaHlUNzdxV1pOTWZpajdBa2RaZmdNSzBGMGYyaWZrRFdESkFZR1M0ZGVGMHQ1UHd2TUYwc3dkNXNrU2NKZk50YmhhbFRJc19JNVBVOXRpTWd5QjdVU1lQTWxXWnU3bW15OWxxa0tqcHJuQVk4dEXSAYYBQVVfeXFMUFA2cExkWHpQeGd5Y2JKVV9CZm05enhFMy0zSnUyU1dTSlN2Ymd5UURlaDJEUVFkbTYtX20wZFJrNkRtanlMNHdzNXQxYlNqcVVsajU4NUdleWE5UnhMOVFLM2hWY3NqbklOUXNkWDdTNm9KTUxhdmc3ZlRmaEExcnNsRWdjZ0E?oc=5&hl=en-US&gl=US&ceid=US:en"
"L’expo photo de Vasantha Yogananthan à la Fondation Cartier-Bresson","milkdecoration.com","Autre","8 mai 2023","2023","https://news.google.com/rss/articles/CBMinwFBVV95cUxPX2h4WW5PWHlLd1hKRW5McFdoT0gwMnBoakdTV1NiaF9oMDQtdUR6UTE0ZVRHalduSzRDLVQxZ2V6N0ZyS3kySks1TG9UXzhkYWxEbnVYUG1QNkptNk9USDJvNElyRlRPR1J5QmN0a29TTGdISjh6eG9qbjdrMW1lRFBxUXBOSVZ5anVJS2VFNjdRR0tIek4xNHlMWFJLdHM?oc=5&hl=en-US&gl=US&ceid=US:en"
"Rencontre avec Mathilde Monnier coordinatrice de « Transmission Impossible »","artcena.fr","Inutile","5 juillet 2024","2024","https://news.google.com/rss/articles/CBMirwFBVV95cUxOUDlDRllYc2Zob0U5WldLTXVGclcxQWwxREIwX1hDZk9UektxdUhBazR2MC0wbFowNUowX3kydkNYRkx4X1FHOWEtU3V5R2JqcmlsTk9VNDVOV3QxUlZpaHdLX1JiVUdsdWtuQk50RC1BSzNiUFlzMkNfZjRxVzVJM2VHYURzRF8zdmlwcnVMQWVwd29PcWNvYXVTZ1AxT2EzbUIyaF9UQXRaQ2RtblFJ?oc=5&hl=en-US&gl=US&ceid=US:en"
"New settings : Mettre en lumière le spectacle vivant","thegoodlife.fr","Inutile","1 décembre 2022","2022","https://news.google.com/rss/articles/CBMif0FVX3lxTFBicVNqSEllQzF5Yk5jdHkxNmRZZTd0cDVEcjF3WlM2YXVVaXF6T3l3T19pMzBCNHNVZHRBckNJWEtzSXdISXlYeTVQUGJYd0R4ZXBfYWtibjg3XzFicHNFeGVwQ1BDWDE4M2hhSERRRWw4WnBfcmh5NDFsTEZXdGc?oc=5&hl=en-US&gl=US&ceid=US:en"
"Hermès expose ses métiers d’art au Palais de Tokyo jusqu’au 7 janvier","journalduluxe.fr","Inutile","27 décembre 2017","2017","https://news.google.com/rss/articles/CBMisAFBVV95cUxPUC1XekFjbUhST2xTMTZObnV3YUFvX0t2Tk5jOG1NZzk4MjBzX0pnU1RiOERhZUI2aHFkOV8tcnp5NnhKR1pad2QtQjlEYnFjbk81cm5TVm13d0JGNmEwakdMdUJ5S3VFSXFMeldfZXZLTnVpUkVNVmpXRkRxOUxYMW9kanhONWtCTE1RYl9CaTc5YWtGRmlURWE2dXJEMFR3MVVQeHI1SVB4bFNuaGlTQtIBtwFBVV95cUxNcWRLQ3ZaTjdoR0p6WWMtbGZSRUJVUkVfME1oZWhLb3JxSGZWRzBFRlA4RlhXSThOZFo0WXVUNWN3U1FiWFRZY1ViNXRFN2otOWc1Rk13dGREaEFsQmVaY0J1T0FJNmFCQ2w5UWthbndOVjlEdmZ1Yi05YWdHY0VhbTRZam9uMGJsMnJFWF9UczZXTl9KcXdodEg0M3JSQm5NTkJ5Ym5TUkc3SXNCeG1LUF9vTVBDTzQ?oc=5&hl=en-US&gl=US&ceid=US:en"
"Fondation Maeght : Frédéric Hubin nommé directeur de la communication, du mécénat et du développement","artnewspaper.fr","Autre","2 février 2022","2022","https://news.google.com/rss/articles/CBMi0wFBVV95cUxPR2FUdUhuSlN0TERJbkdSLU42VHQtZU1iSV9jM1JjQ0RMZVdsQjlpQWE0MHJXRkdOeTU2eVlONXRzbkpwakREbExhVmFmS1ozYkZJUjdWVk85QnhfUGxlMk82OFBhUUFXV2NxdmNma2QwN3lVX2t2QU53SFY4Sm5CNUh2V09hdW9PLW1mWWpTMkd6bkNrMU9lVkNIel9jRXlvQjN2ZlNCeFZtaVItWUhLZFpuZmxtUlExVTh3aWhNTHptU0FiSy1lOF8yTDRodnVhcU9N?oc=5&hl=en-US&gl=US&ceid=US:en"
"Olivier Fournier, le Charentais d’Hermès, parrain de la soirée Les Etoiles de l'économie","charentelibre.fr","Utile","6 août 2018","2018","https://news.google.com/rss/articles/CBMi0gFBVV95cUxOZE1hUm5vVjNNLTFXZ1lTdGNEOUVnTUkzWXFBQ2ZqcXE3cDVDaWlaRjM4d0tia1dISTZPd2xqam42dlJ2VWZOVF9BbWRUT19MVHQxUjVZRnk4QWtidkNWdnFiWW5FVU9OLS1BR3ZjQTZfMDJFMHR2dWUyNUx2R2NZbkpocUwwRXhRdzk5aV9fN0NKWnhCcnVmbjFwTVg1d2VmWURSLVRNZW1uWUlvM3VHRWhSZnB5U2NXQ01iVHBfSGZ0UHRfMHZSNXU0eG5QUm9vN3c?oc=5&hl=en-US&gl=US&ceid=US:en"
"Le Paris de Pascale Mussard","eventail.be","Autre","6 mai 2023","2023","https://news.google.com/rss/articles/CBMikgFBVV95cUxNdDBWSUJSeHNfSDNBMU41X3ZHRGQ4RG5nV3pPOXk0b1JRU1lQTk5Sb2FDTEsxQnpSel9qd1dCM2ZkRFhTU2tQVXJnMFFTdlZrNDNZMnZhOW5MSUxwZ0FWYzBmVG43dWg0MWIzbWhHYTNtXzlNMkVqa3RwZmtUcmtQeE5DcEpWWGZFdTN4RTA4TGxudw?oc=5&hl=en-US&gl=US&ceid=US:en"
"Dordogne. Hermès et la découverte de l'artisanat pour les élèves de Nontron","actu.fr","Utile","24 février 2022","2022","https://news.google.com/rss/articles/CBMi0wFBVV95cUxOZE8yR2xRNHN0a2xRcER3T2szNDNGZlgwaU9VNi1YSmRJM3NwQWcxTkhFNG12UWJtUEV5bjk1OEVpc3o3VG1QVUxldlM2VEpoQXEteTg2VEpCeHZ4NHVaMnl0Ul9Vb1d5Rk1RS2pUeF9VTkRjVXlwSTZtMW1XUmMtalJOdk9EN1FzY2k1Vk5VbjYwbE5RVFA5UGY3X3JYUExQcDgwZlJLbXQ5TS1US2tpNTIxQ015aXI3TjI3SndlWVRKZHFRcVhobzg4Zlc3Z1lZcEhj?oc=5&hl=en-US&gl=US&ceid=US:en"
"Cristof Yvoré, la peinture intérieure","blogs.mediapart.fr","Inutile","27 octobre 2023","2023","https://news.google.com/rss/articles/CBMimgFBVV95cUxQX1NkRFlweGV6MnB1YkdnTjJNY2J5VHlkRjBsbmFFZXUxOGNGcm91LWFFUHZmQWxPVnYxbGV2dkpjQ0hsem5JX0E2T3paRFk3Tlc4azRoUVVVZHJNM1VkdUduTC0tSW9IVVpBTHlDM2JWTWlmSG9iSjVGSlZTX3QzYnR3LTQ4bldqRUNRVnlnWXprNS1FMWU4djZR?oc=5&hl=en-US&gl=US&ceid=US:en"
"Les Outils et les Gestes : des outils traditionnels aux outils numériques","radiofrance.fr","Utile","28 mai 2015","2015","https://news.google.com/rss/articles/CBMivAFBVV95cUxNZkQ3QW5vdXREQThrMWktbjlRSkZRTXo2d2xzR3JGdjBpN3JXSUt4T2VQNC1HMXl2dTNSazItX3ItREdkYmJ5QUVQX0cyc24wYkhKZVJLaHN5QXFxMEhQTVpUX195UGp2bk53ZC04cEp6bl9WTzduaERFRWIwRTluWWxVNUsxUHdSb2JkQmswOUhZV2ZMdTY2N256S2FONTJKZVJrOGJiZ01NTEwwcDB6TF9vSzdOTGVFVVdjSg?oc=5&hl=en-US&gl=US&ceid=US:en"
"Pinocchio(live)#3 d’Alice Laloy","sceneweb.fr","Autre","19 novembre 2023","2023","https://news.google.com/rss/articles/CBMiXEFVX3lxTFA5eF83WlAwWm9xTGtqZTdHVEFlS1NfNjYxZ1ZZaVlPSUt0Y21MVTJIV1JzMUpoclVmVTk2eUNkc3VkcU9FTWJmRFczbGxaYVV5SjQtWnN0Z0ZlZ0ZU?oc=5&hl=en-US&gl=US&ceid=US:en"
